,age,job,marital,education,default,balance,housing,loan,contact,day,month,duration,campaign,pdays,previous,poutcome
2958,31,services,married,tertiary,no,309,yes,yes,unknown,7,may,294,1,-1,0,unknown
3336,37,self-employed,married,secondary,no,215,yes,no,unknown,6,jun,61,1,-1,0,unknown
900,33,technician,single,secondary,no,5235,no,no,cellular,7,aug,67,3,-1,0,unknown
86,41,technician,single,secondary,no,879,no,yes,cellular,7,jul,60,4,-1,0,unknown
2950,37,entrepreneur,married,tertiary,no,836,yes,no,unknown,27,may,129,2,-1,0,unknown
689,30,technician,single,tertiary,no,60,yes,yes,unknown,7,may,306,5,-1,0,unknown
1333,31,technician,single,secondary,no,628,yes,no,unknown,12,may,1083,2,-1,0,unknown
1306,49,services,married,secondary,no,5673,no,yes,cellular,4,aug,357,3,-1,0,unknown
1761,35,technician,married,secondary,no,251,yes,yes,unknown,1,jul,128,3,-1,0,unknown
1858,34,blue-collar,married,secondary,no,622,yes,no,unknown,21,may,145,1,-1,0,unknown
4141,37,management,married,tertiary,no,0,no,no,cellular,11,mar,129,4,107,2,failure
657,64,retired,married,primary,no,43,no,no,cellular,11,mar,117,1,91,1,success
869,56,technician,married,secondary,no,150,yes,yes,cellular,11,may,102,6,349,1,failure
3552,58,retired,married,secondary,no,35,no,no,cellular,29,jul,336,7,-1,0,unknown
3926,56,retired,married,primary,no,-1,no,no,cellular,27,aug,89,23,-1,0,unknown
2282,44,blue-collar,single,primary,no,787,yes,no,unknown,30,may,570,2,-1,0,unknown
3230,32,blue-collar,single,secondary,no,2285,yes,no,unknown,14,may,413,2,-1,0,unknown
3421,65,housemaid,married,primary,no,2179,yes,no,cellular,4,sep,112,7,-1,0,unknown
2923,39,admin.,married,secondary,no,260,yes,no,cellular,17,apr,146,1,281,1,failure
1900,19,student,single,unknown,no,0,no,no,cellular,11,feb,123,3,-1,0,unknown
3854,49,technician,married,tertiary,no,1843,yes,no,cellular,25,may,269,1,-1,0,unknown
250,31,management,married,tertiary,no,395,yes,no,cellular,9,feb,155,3,-1,0,unknown
1921,43,technician,married,secondary,no,434,yes,no,unknown,5,may,117,1,-1,0,unknown
4013,39,technician,married,unknown,no,839,no,no,unknown,30,may,825,2,-1,0,unknown
619,35,technician,married,tertiary,no,7050,no,no,cellular,11,aug,222,3,182,4,success
2311,57,management,married,tertiary,no,3431,yes,no,unknown,16,may,73,1,-1,0,unknown
1140,36,management,single,tertiary,no,3875,yes,no,unknown,27,may,21,5,-1,0,unknown
687,35,blue-collar,married,primary,no,-12,yes,no,unknown,12,may,212,5,-1,0,unknown
1118,60,retired,married,secondary,no,4820,no,no,unknown,5,jun,419,1,-1,0,unknown
4428,48,blue-collar,married,unknown,no,439,yes,no,cellular,2,feb,212,1,249,2,other
1418,38,services,single,secondary,no,2253,yes,no,cellular,13,may,937,3,-1,0,unknown
3745,23,services,single,secondary,no,250,yes,no,cellular,18,may,222,1,-1,0,unknown
2200,52,services,married,secondary,no,431,no,no,cellular,26,aug,73,17,-1,0,unknown
3955,34,services,married,secondary,no,0,yes,no,cellular,14,jul,78,4,-1,0,unknown
2518,30,technician,single,secondary,no,175,no,no,cellular,25,aug,167,4,-1,0,unknown
3021,43,blue-collar,married,primary,no,60,no,no,cellular,8,may,487,2,367,2,other
4235,44,management,single,tertiary,no,1424,yes,no,cellular,8,aug,201,2,-1,0,unknown
2131,35,housemaid,married,tertiary,no,1265,yes,no,cellular,15,may,326,5,179,4,failure
921,34,management,married,tertiary,no,136,yes,no,cellular,22,apr,156,1,-1,0,unknown
518,34,management,married,tertiary,no,902,yes,no,cellular,14,may,159,1,367,2,other
1886,39,technician,divorced,secondary,no,902,yes,no,cellular,10,feb,691,2,180,5,failure
4303,46,technician,single,secondary,no,834,yes,no,cellular,11,jul,196,2,-1,0,unknown
382,59,retired,married,tertiary,no,9676,no,no,telephone,27,mar,234,2,-1,0,unknown
2765,53,retired,married,secondary,no,6095,yes,yes,cellular,14,may,410,5,-1,0,unknown
3636,36,management,divorced,tertiary,no,1057,no,no,cellular,5,feb,383,2,-1,0,unknown
3247,50,blue-collar,divorced,primary,no,1545,yes,no,cellular,20,nov,25,1,-1,0,unknown
710,46,blue-collar,married,primary,no,67,no,no,unknown,24,jun,9,1,-1,0,unknown
4259,32,services,single,secondary,no,48,yes,no,cellular,20,apr,8,3,-1,0,unknown
96,41,admin.,married,tertiary,no,5426,yes,no,unknown,14,may,149,2,-1,0,unknown
3181,33,blue-collar,married,secondary,no,331,yes,no,cellular,14,may,178,7,365,5,other
1929,46,unemployed,single,tertiary,no,705,no,no,cellular,4,feb,398,1,-1,0,unknown
2019,51,blue-collar,married,primary,no,42,yes,no,cellular,12,may,51,2,342,3,failure
682,37,self-employed,married,secondary,no,4153,yes,no,cellular,31,jul,35,16,-1,0,unknown
2731,48,blue-collar,married,secondary,no,1159,yes,yes,cellular,15,may,1181,9,-1,0,unknown
3347,36,management,married,tertiary,no,340,yes,no,cellular,20,apr,68,2,-1,0,unknown
938,37,technician,married,secondary,no,1633,yes,no,unknown,19,may,229,3,-1,0,unknown
4195,30,housemaid,single,tertiary,no,868,no,no,cellular,7,aug,387,2,-1,0,unknown
2344,37,management,married,tertiary,no,0,yes,no,unknown,3,jun,247,13,-1,0,unknown
3756,42,services,married,secondary,no,96,yes,no,cellular,5,may,238,3,340,2,failure
2194,47,management,married,tertiary,no,-50,no,yes,cellular,7,jul,175,1,-1,0,unknown
2885,26,services,single,secondary,no,50,yes,no,cellular,12,aug,153,1,-1,0,unknown
1467,53,services,divorced,secondary,no,0,no,no,cellular,12,mar,80,2,-1,0,unknown
322,60,self-employed,single,tertiary,no,179,no,yes,cellular,29,jul,79,4,-1,0,unknown
640,57,admin.,divorced,unknown,no,887,no,no,unknown,20,jun,43,8,-1,0,unknown
394,33,blue-collar,married,secondary,no,43,yes,no,cellular,14,may,332,2,358,2,failure
2861,36,management,married,tertiary,no,0,yes,yes,unknown,3,jun,599,3,-1,0,unknown
3151,43,entrepreneur,married,secondary,no,59,no,no,unknown,13,may,437,2,-1,0,unknown
4479,39,admin.,single,secondary,no,163,yes,no,cellular,30,jan,107,2,-1,0,unknown
3431,28,student,single,secondary,no,153,no,no,cellular,23,jul,1124,2,-1,0,unknown
268,38,admin.,single,secondary,no,902,yes,no,telephone,31,jul,58,13,-1,0,unknown
1779,32,technician,single,tertiary,no,13711,yes,no,cellular,14,may,638,1,175,3,success
2100,35,management,single,tertiary,no,633,yes,no,cellular,17,apr,128,3,-1,0,unknown
2230,48,blue-collar,single,secondary,no,-552,no,yes,cellular,21,nov,150,2,-1,0,unknown
3119,28,technician,married,secondary,no,232,yes,yes,cellular,29,jan,72,1,261,1,failure
2042,43,blue-collar,married,secondary,no,625,yes,no,unknown,30,sep,175,1,-1,0,unknown
1551,33,blue-collar,married,primary,no,245,yes,yes,cellular,8,may,253,3,-1,0,unknown
1481,40,management,single,secondary,no,192,yes,no,unknown,16,may,71,11,-1,0,unknown
373,51,technician,married,secondary,no,-379,yes,no,cellular,5,aug,261,1,-1,0,unknown
679,44,housemaid,married,primary,no,3706,no,no,unknown,17,jun,209,3,-1,0,unknown
441,30,admin.,single,secondary,no,239,yes,no,cellular,7,may,115,3,-1,0,unknown
2469,57,retired,married,primary,no,1623,yes,yes,cellular,18,jul,246,1,-1,0,unknown
845,43,technician,married,secondary,no,-932,yes,no,cellular,16,apr,567,1,-1,0,unknown
4037,42,management,divorced,tertiary,no,0,no,no,unknown,19,may,131,2,-1,0,unknown
4397,35,blue-collar,married,secondary,no,305,yes,no,cellular,18,may,7,7,367,25,failure
933,38,blue-collar,married,secondary,no,361,yes,no,unknown,11,jun,601,1,-1,0,unknown
1852,50,technician,married,secondary,no,669,yes,no,unknown,2,jun,88,1,-1,0,unknown
1189,34,technician,single,secondary,no,201,no,no,cellular,22,jul,257,2,-1,0,unknown
3739,41,management,married,tertiary,no,437,yes,no,unknown,3,jun,14,21,-1,0,unknown
4429,45,unknown,married,primary,no,44,no,no,unknown,11,jun,81,1,-1,0,unknown
1517,53,unknown,married,unknown,no,13,no,no,telephone,28,jan,69,1,-1,0,unknown
4072,45,blue-collar,married,primary,no,0,no,no,unknown,23,may,574,5,-1,0,unknown
4331,48,management,married,tertiary,no,263,yes,no,unknown,5,may,350,2,-1,0,unknown
161,25,admin.,single,secondary,no,4590,yes,no,unknown,28,may,199,2,-1,0,unknown
1584,30,services,single,tertiary,no,3516,yes,no,unknown,29,may,447,4,-1,0,unknown
224,54,management,married,primary,no,1691,yes,no,cellular,20,nov,186,1,-1,0,unknown
2628,31,blue-collar,divorced,secondary,no,-452,yes,no,unknown,26,may,182,5,-1,0,unknown
3751,39,technician,married,secondary,no,116,no,no,cellular,24,aug,79,2,94,2,success
2759,34,blue-collar,married,secondary,no,1221,yes,no,cellular,6,may,182,1,90,8,failure
1653,53,blue-collar,married,primary,no,306,no,no,cellular,28,jul,388,3,181,1,success
1559,31,admin.,single,secondary,no,144,yes,no,unknown,4,jul,43,11,-1,0,unknown
66,31,services,married,secondary,no,338,yes,no,cellular,28,jan,155,1,-1,0,unknown
4351,39,management,single,secondary,no,36,no,no,cellular,29,aug,70,2,-1,0,unknown
3371,49,unemployed,married,tertiary,no,-471,yes,no,cellular,20,nov,77,3,185,7,failure
3782,50,blue-collar,married,secondary,no,2320,yes,no,cellular,7,apr,310,1,-1,0,unknown
739,46,services,married,secondary,no,1034,no,no,cellular,8,aug,109,2,-1,0,unknown
1782,31,blue-collar,single,secondary,no,-219,yes,no,unknown,30,may,66,2,-1,0,unknown
4370,57,blue-collar,married,primary,no,5431,yes,yes,unknown,6,may,383,1,-1,0,unknown
1544,35,management,married,tertiary,no,1100,no,yes,cellular,29,jan,127,2,-1,0,unknown
374,42,admin.,married,secondary,no,-396,yes,no,cellular,11,may,80,1,308,4,failure
215,42,management,married,tertiary,no,372,yes,no,cellular,3,aug,654,2,-1,0,unknown
2217,51,self-employed,married,tertiary,no,2007,no,no,unknown,16,jun,1021,1,-1,0,unknown
2627,33,technician,married,secondary,no,181,yes,yes,telephone,28,jul,265,2,-1,0,unknown
1145,59,self-employed,married,primary,no,0,yes,no,telephone,28,jul,97,2,-1,0,unknown
3747,37,blue-collar,married,secondary,no,140,yes,yes,cellular,7,may,490,1,-1,0,unknown
4275,53,management,married,tertiary,no,15,no,no,cellular,20,aug,921,2,-1,0,unknown
1157,55,blue-collar,married,unknown,no,23,no,no,cellular,13,aug,123,2,-1,0,unknown
2026,25,admin.,married,secondary,no,894,yes,no,unknown,28,may,328,1,-1,0,unknown
3001,43,management,married,secondary,no,-26,yes,no,unknown,16,may,343,1,-1,0,unknown
1778,56,management,married,tertiary,no,15520,no,no,cellular,18,nov,420,1,-1,0,unknown
4246,32,services,single,secondary,no,0,yes,no,cellular,31,jul,99,13,-1,0,unknown
2614,32,technician,single,tertiary,no,705,yes,no,cellular,20,apr,20,4,-1,0,unknown
4114,34,blue-collar,married,secondary,no,250,yes,no,unknown,29,may,193,6,-1,0,unknown
1818,48,technician,married,secondary,no,340,yes,no,cellular,28,jan,255,2,-1,0,unknown
2215,34,management,single,unknown,no,1534,yes,no,cellular,16,apr,156,1,147,7,other
3847,33,unemployed,divorced,secondary,no,385,no,no,telephone,27,aug,29,28,-1,0,unknown
2746,47,technician,married,secondary,no,1219,no,no,cellular,18,aug,697,4,-1,0,unknown
1278,54,blue-collar,married,secondary,no,-932,yes,no,unknown,7,may,799,1,-1,0,unknown
1423,51,admin.,divorced,secondary,no,467,yes,no,unknown,19,may,83,1,-1,0,unknown
2730,52,self-employed,married,secondary,no,9,no,yes,unknown,6,jun,44,1,-1,0,unknown
3180,30,services,married,secondary,no,0,yes,no,unknown,9,may,20,1,-1,0,unknown
1158,38,management,single,tertiary,no,1373,no,no,cellular,22,oct,119,4,-1,0,unknown
3036,73,retired,married,primary,no,279,no,no,cellular,28,jan,399,3,-1,0,unknown
3809,52,blue-collar,married,secondary,no,161,yes,no,unknown,13,may,274,2,-1,0,unknown
2874,29,blue-collar,single,secondary,no,555,yes,no,cellular,15,may,133,4,-1,0,unknown
3160,27,management,married,tertiary,no,802,no,no,cellular,22,sep,569,1,-1,0,unknown
4502,42,services,married,secondary,no,-91,yes,yes,cellular,5,feb,43,1,-1,0,unknown
1891,32,management,single,tertiary,no,656,yes,yes,cellular,20,apr,148,2,-1,0,unknown
2356,33,services,married,secondary,no,804,yes,yes,unknown,8,may,266,1,-1,0,unknown
2255,36,management,single,tertiary,no,1531,yes,no,cellular,8,may,81,3,170,1,failure
1979,31,unemployed,single,secondary,no,-186,yes,no,unknown,26,may,172,3,-1,0,unknown
220,53,retired,married,tertiary,no,-22,yes,no,cellular,31,jul,20,3,-1,0,unknown
2963,31,management,single,tertiary,no,12569,no,no,cellular,9,sep,344,1,295,1,failure
1919,34,admin.,married,tertiary,no,2552,yes,yes,cellular,25,sep,74,1,-1,0,unknown
1988,56,admin.,divorced,secondary,no,985,no,yes,cellular,18,aug,150,2,-1,0,unknown
409,54,admin.,married,secondary,no,0,no,no,cellular,28,jan,161,1,98,2,failure
1061,49,services,married,secondary,no,1122,no,no,cellular,4,aug,143,1,-1,0,unknown
609,46,technician,married,tertiary,no,342,yes,yes,cellular,5,may,84,1,-1,0,unknown
2213,24,student,single,secondary,no,822,no,no,cellular,27,oct,184,1,91,2,failure
4305,49,services,married,tertiary,no,306,yes,no,cellular,18,aug,285,7,-1,0,unknown
3683,42,blue-collar,married,secondary,no,179,yes,no,cellular,17,nov,96,1,-1,0,unknown
1867,47,technician,married,secondary,no,65,no,no,cellular,28,aug,118,8,-1,0,unknown
4346,44,technician,married,secondary,no,10888,yes,no,cellular,5,aug,163,1,-1,0,unknown
726,37,management,single,tertiary,no,509,yes,no,cellular,6,may,133,1,-1,0,unknown
1395,38,technician,married,tertiary,no,3234,no,no,cellular,18,nov,578,2,-1,0,unknown
2749,39,technician,married,secondary,no,994,no,no,cellular,5,feb,221,1,241,1,failure
353,50,management,married,tertiary,no,4,no,no,cellular,17,nov,223,1,96,2,failure
1758,30,blue-collar,married,primary,no,-336,no,no,cellular,10,jul,128,6,-1,0,unknown
3149,31,services,married,secondary,no,500,yes,no,unknown,6,jun,19,18,-1,0,unknown
464,32,blue-collar,married,secondary,no,889,yes,no,cellular,10,sep,185,1,99,5,success
3217,34,technician,married,secondary,no,50,no,no,cellular,11,aug,106,3,-1,0,unknown
3403,43,management,married,tertiary,no,348,no,yes,cellular,15,jul,88,3,-1,0,unknown
772,26,management,single,tertiary,no,350,no,no,cellular,8,jul,367,1,-1,0,unknown
3328,32,management,single,tertiary,no,112,yes,no,cellular,5,may,118,1,-1,0,unknown
4494,26,technician,single,secondary,no,668,yes,no,unknown,28,may,576,3,-1,0,unknown
3818,53,services,divorced,secondary,no,765,yes,no,cellular,14,may,959,3,174,7,other
2881,42,services,married,tertiary,no,12223,yes,no,cellular,19,nov,36,1,-1,0,unknown
31,31,technician,married,secondary,no,171,no,no,cellular,27,aug,81,3,-1,0,unknown
3950,27,blue-collar,single,secondary,no,14,no,no,unknown,14,may,72,2,-1,0,unknown
3814,40,admin.,single,secondary,no,263,yes,no,unknown,6,may,231,1,-1,0,unknown
25,41,management,married,tertiary,no,5883,no,no,cellular,20,nov,182,2,-1,0,unknown
1943,40,admin.,divorced,secondary,no,212,no,no,unknown,7,jan,176,1,-1,0,unknown
3082,53,blue-collar,married,primary,no,1868,no,no,cellular,8,aug,156,4,-1,0,unknown
574,35,services,divorced,secondary,no,67,yes,no,cellular,5,may,192,2,-1,0,unknown
3775,41,management,divorced,tertiary,no,3355,no,no,cellular,14,oct,181,2,500,1,failure
1705,25,student,single,secondary,no,304,no,no,cellular,26,may,226,2,-1,0,unknown
2863,31,management,single,tertiary,no,385,yes,no,unknown,21,may,304,1,-1,0,unknown
2368,35,services,married,secondary,no,195,yes,no,cellular,17,apr,203,1,-1,0,unknown
3013,49,technician,married,tertiary,no,523,yes,no,cellular,3,mar,152,2,-1,0,unknown
3225,25,unemployed,married,secondary,no,157,yes,no,cellular,28,jul,33,31,-1,0,unknown
2323,40,self-employed,married,secondary,no,2,no,no,cellular,22,aug,197,5,-1,0,unknown
4129,33,technician,married,secondary,no,-163,yes,yes,cellular,8,aug,502,2,-1,0,unknown
1605,53,services,married,secondary,no,-2,yes,yes,cellular,16,apr,144,2,-1,0,unknown
2813,47,technician,married,secondary,no,1990,yes,yes,cellular,25,aug,108,4,-1,0,unknown
3079,59,technician,divorced,secondary,no,879,yes,no,unknown,26,may,228,1,-1,0,unknown
2291,42,admin.,married,secondary,no,0,no,no,unknown,19,jun,370,1,-1,0,unknown
4248,36,blue-collar,married,primary,no,398,yes,no,unknown,12,jun,278,1,-1,0,unknown
731,48,blue-collar,married,primary,no,1092,no,yes,cellular,18,nov,79,1,172,8,failure
839,37,entrepreneur,married,tertiary,no,4798,yes,no,unknown,20,may,156,2,-1,0,unknown
707,55,retired,married,primary,no,8894,no,no,unknown,11,jun,262,1,-1,0,unknown
3529,43,unknown,single,tertiary,no,2731,no,no,cellular,21,nov,11,7,-1,0,unknown
2420,34,self-employed,married,tertiary,no,5498,no,no,cellular,19,nov,265,1,-1,0,unknown
2887,35,technician,single,tertiary,no,470,yes,no,cellular,25,jul,743,13,-1,0,unknown
4358,47,admin.,single,secondary,no,2540,no,no,cellular,18,nov,110,5,-1,0,unknown
932,39,management,divorced,tertiary,no,3575,no,yes,cellular,18,aug,74,3,-1,0,unknown
343,41,self-employed,single,tertiary,no,3950,yes,no,unknown,30,may,96,2,-1,0,unknown
570,46,entrepreneur,married,unknown,no,242,yes,no,unknown,9,may,332,2,-1,0,unknown
3921,37,entrepreneur,married,tertiary,no,7944,no,no,cellular,21,nov,102,1,-1,0,unknown
97,30,admin.,single,tertiary,no,261,no,no,cellular,19,oct,233,1,137,20,failure
1355,29,admin.,single,secondary,no,1448,no,no,cellular,10,mar,217,1,184,7,other
2732,45,technician,married,primary,no,-322,no,no,unknown,9,jun,225,2,-1,0,unknown
3605,27,management,single,tertiary,no,88,no,no,cellular,4,may,143,1,-1,0,unknown
491,33,services,divorced,secondary,no,991,yes,no,unknown,27,may,148,1,-1,0,unknown
2508,42,student,married,unknown,no,-7,no,no,telephone,31,jul,41,6,-1,0,unknown
1956,77,retired,married,primary,no,680,no,no,telephone,24,feb,513,2,89,7,failure
85,51,blue-collar,married,primary,no,1466,yes,no,unknown,7,may,406,2,-1,0,unknown
4069,45,services,divorced,secondary,no,-179,no,no,unknown,3,jul,155,2,-1,0,unknown
4016,37,management,married,tertiary,no,547,yes,yes,unknown,21,may,143,1,-1,0,unknown
4308,44,technician,married,secondary,no,5597,no,no,unknown,20,jun,27,3,-1,0,unknown
2484,26,self-employed,single,tertiary,no,1153,no,no,cellular,4,may,238,3,-1,0,unknown
2452,42,management,divorced,tertiary,no,401,yes,no,cellular,24,jul,217,9,-1,0,unknown
4319,70,retired,divorced,secondary,no,6850,no,no,telephone,5,mar,252,3,183,1,failure
3288,59,unemployed,divorced,secondary,no,2921,no,no,telephone,3,feb,251,1,-1,0,unknown
1710,43,unemployed,married,primary,no,960,yes,yes,unknown,15,may,241,2,-1,0,unknown
2377,35,technician,single,secondary,no,2,no,no,cellular,11,aug,239,4,-1,0,unknown
542,27,services,married,secondary,no,0,yes,no,cellular,23,jul,198,13,-1,0,unknown
2872,42,retired,single,tertiary,no,308,no,no,cellular,30,jan,114,2,-1,0,unknown
3206,60,housemaid,married,primary,no,0,no,yes,telephone,22,jul,124,1,-1,0,unknown
493,46,admin.,married,secondary,no,22,no,no,cellular,26,aug,388,6,-1,0,unknown
4293,33,blue-collar,single,secondary,no,1925,yes,no,cellular,2,mar,76,2,-1,0,unknown
2615,45,blue-collar,married,secondary,no,776,yes,no,cellular,6,feb,232,4,253,1,failure
2325,38,admin.,single,secondary,no,883,yes,no,cellular,12,may,95,1,327,9,other
3998,44,management,married,tertiary,no,724,yes,no,cellular,17,nov,157,2,172,1,failure
80,27,admin.,divorced,secondary,no,451,yes,no,cellular,16,jul,652,1,-1,0,unknown
720,48,entrepreneur,married,tertiary,no,810,no,no,unknown,6,jun,383,1,-1,0,unknown
2464,23,technician,single,tertiary,no,1129,yes,no,unknown,28,may,806,1,-1,0,unknown
151,36,management,single,tertiary,no,442,yes,yes,cellular,29,jul,102,3,-1,0,unknown
989,52,retired,divorced,primary,no,353,no,no,cellular,31,jul,395,4,-1,0,unknown
924,45,housemaid,married,primary,no,7353,no,no,cellular,13,aug,536,2,-1,0,unknown
1096,46,technician,married,tertiary,no,217,yes,no,cellular,14,may,141,1,346,2,other
3116,39,self-employed,married,secondary,no,235,no,no,unknown,9,jun,217,1,-1,0,unknown
3612,50,management,divorced,tertiary,no,356,no,no,cellular,8,may,198,2,358,5,other
3945,42,entrepreneur,married,tertiary,no,157,yes,yes,unknown,7,may,650,1,-1,0,unknown
1299,49,blue-collar,married,secondary,no,-55,no,no,unknown,17,jun,150,3,-1,0,unknown
1476,29,blue-collar,single,secondary,no,9,yes,no,cellular,11,may,262,3,-1,0,unknown
2486,50,unknown,married,unknown,no,558,no,no,cellular,9,jul,464,1,683,6,failure
3720,51,management,married,secondary,no,3180,yes,no,cellular,9,jul,384,1,-1,0,unknown
3467,42,management,divorced,tertiary,no,221,yes,no,unknown,7,may,720,2,-1,0,unknown
1130,29,management,married,tertiary,no,877,no,no,cellular,3,feb,166,3,-1,0,unknown
4515,32,services,single,secondary,no,473,yes,no,cellular,7,jul,624,5,-1,0,unknown
158,27,self-employed,single,secondary,no,50,no,no,cellular,29,jan,168,1,-1,0,unknown
854,42,management,married,secondary,no,-105,yes,no,cellular,28,aug,60,2,-1,0,unknown
2307,47,management,divorced,tertiary,no,2515,no,no,unknown,20,jun,40,3,-1,0,unknown
2176,28,blue-collar,single,secondary,no,-46,yes,no,cellular,1,sep,199,1,92,14,success
3783,61,retired,married,secondary,no,76,yes,no,cellular,15,jul,195,7,-1,0,unknown
1166,32,technician,single,tertiary,no,5514,no,no,cellular,22,apr,319,1,182,1,success
2793,54,services,married,unknown,no,7864,yes,no,unknown,15,may,145,4,-1,0,unknown
3773,34,technician,married,secondary,no,47,no,no,cellular,25,aug,132,6,-1,0,unknown
3068,43,self-employed,married,tertiary,no,64,no,no,unknown,6,jun,230,2,-1,0,unknown
1827,50,management,married,tertiary,no,4374,yes,no,cellular,21,nov,163,2,113,3,failure
2319,44,management,married,secondary,no,-665,no,no,cellular,30,jul,342,3,-1,0,unknown
525,57,retired,married,primary,no,5799,no,no,unknown,17,jun,97,1,-1,0,unknown
2972,56,admin.,married,secondary,no,45,no,no,unknown,5,may,1467,1,-1,0,unknown
4363,38,blue-collar,single,secondary,no,13156,yes,no,cellular,17,apr,291,4,331,1,failure
125,34,self-employed,single,tertiary,no,462,no,no,cellular,21,aug,1877,3,-1,0,unknown
455,42,blue-collar,married,secondary,no,117,yes,no,unknown,9,may,147,1,-1,0,unknown
3123,47,services,married,secondary,no,405,no,yes,cellular,8,aug,994,2,-1,0,unknown
2062,29,blue-collar,married,unknown,no,486,yes,no,cellular,6,may,422,1,363,1,failure
4073,51,management,married,tertiary,no,176,yes,yes,unknown,1,jun,8,1,687,2,failure
3360,79,retired,married,primary,no,429,no,no,telephone,8,jul,1006,2,-1,0,unknown
1322,38,blue-collar,married,secondary,no,2008,yes,no,cellular,18,nov,354,1,-1,0,unknown
282,37,blue-collar,single,secondary,no,3561,yes,no,unknown,2,jun,98,1,-1,0,unknown
3498,58,services,divorced,secondary,no,462,no,no,cellular,13,nov,495,1,93,1,success
3690,80,housemaid,married,primary,no,0,no,no,cellular,23,feb,639,1,189,1,failure
2520,38,management,divorced,tertiary,no,4425,yes,no,unknown,30,may,162,1,-1,0,unknown
2616,35,unemployed,married,tertiary,no,816,yes,no,cellular,19,nov,547,7,-1,0,unknown
2532,48,unemployed,divorced,secondary,no,1266,yes,no,telephone,3,feb,45,1,-1,0,unknown
1179,37,management,married,tertiary,no,5106,no,no,cellular,30,apr,244,1,-1,0,unknown
1212,36,management,single,tertiary,no,490,no,no,cellular,28,aug,207,8,98,1,failure
3861,50,services,married,secondary,no,961,no,yes,cellular,14,aug,757,4,-1,0,unknown
1229,27,blue-collar,single,primary,no,-79,yes,no,unknown,30,may,385,5,-1,0,unknown
3406,24,admin.,single,secondary,no,926,yes,yes,cellular,15,may,191,1,-1,0,unknown
902,58,technician,single,secondary,no,409,no,yes,cellular,14,jul,643,2,-1,0,unknown
3098,37,blue-collar,married,primary,no,11,no,no,telephone,30,jul,109,8,-1,0,unknown
2641,73,retired,married,secondary,no,19,no,no,cellular,5,nov,509,2,-1,0,unknown
2357,30,student,single,secondary,no,4,no,no,cellular,4,feb,443,2,-1,0,unknown
3367,27,admin.,married,secondary,no,897,no,no,cellular,5,jun,397,1,-1,0,unknown
2690,45,blue-collar,married,primary,no,0,no,no,cellular,26,aug,454,2,-1,0,unknown
1905,46,management,married,tertiary,no,273,yes,no,cellular,18,mar,910,2,184,4,success
988,42,management,single,tertiary,no,525,no,no,cellular,13,aug,127,2,-1,0,unknown
4266,26,services,single,secondary,no,1700,yes,no,cellular,7,may,13,5,-1,0,unknown
3954,29,services,single,secondary,no,-287,yes,no,cellular,18,may,196,1,-1,0,unknown
1763,57,blue-collar,married,secondary,no,2887,no,no,cellular,21,aug,819,10,-1,0,unknown
2354,34,management,single,secondary,no,0,no,no,cellular,22,aug,132,4,-1,0,unknown
2933,39,services,married,primary,no,1601,yes,no,unknown,23,may,201,2,-1,0,unknown
437,27,admin.,single,secondary,no,619,yes,no,cellular,20,apr,16,5,322,4,other
3614,71,retired,divorced,tertiary,no,261,no,no,cellular,12,aug,1117,2,-1,0,unknown
2902,32,student,married,secondary,no,1694,yes,no,cellular,28,jan,929,1,-1,0,unknown
211,25,blue-collar,single,secondary,no,-350,yes,no,unknown,23,jun,95,3,-1,0,unknown
661,28,management,single,tertiary,no,0,yes,no,cellular,16,jul,767,5,-1,0,unknown
3779,36,blue-collar,married,secondary,no,1409,no,no,unknown,17,jun,235,2,-1,0,unknown
4496,30,blue-collar,single,secondary,no,363,no,no,cellular,28,jul,171,3,-1,0,unknown
1417,40,blue-collar,married,primary,yes,0,yes,no,unknown,6,may,64,2,-1,0,unknown
226,33,technician,married,secondary,no,-204,no,no,cellular,15,may,297,3,-1,0,unknown
1009,53,management,married,tertiary,no,4,no,no,unknown,20,jun,19,6,-1,0,unknown
3373,28,admin.,single,tertiary,no,14,no,no,cellular,1,jun,201,1,-1,0,unknown
522,43,admin.,divorced,secondary,no,738,yes,no,cellular,21,nov,585,4,191,4,failure
760,59,admin.,married,secondary,no,817,no,no,cellular,9,apr,304,1,-1,0,unknown
3057,29,technician,married,tertiary,no,43,yes,no,unknown,20,may,68,2,-1,0,unknown
1582,46,blue-collar,married,primary,no,2558,yes,no,telephone,20,nov,107,1,167,1,other
1792,54,services,married,primary,no,8,yes,no,cellular,14,may,143,1,-1,0,unknown
1011,42,entrepreneur,married,primary,no,198,yes,no,unknown,8,may,314,1,-1,0,unknown
2434,35,admin.,single,secondary,no,57,no,yes,cellular,8,jul,632,2,-1,0,unknown
686,47,management,married,tertiary,no,7708,yes,no,cellular,21,nov,157,5,-1,0,unknown
3620,60,retired,divorced,secondary,no,598,no,yes,cellular,8,jul,96,1,-1,0,unknown
979,56,blue-collar,divorced,primary,no,3021,no,no,unknown,9,jun,419,2,-1,0,unknown
429,40,management,married,tertiary,no,542,yes,no,cellular,20,nov,1816,1,-1,0,unknown
3441,31,admin.,married,secondary,no,0,yes,yes,cellular,18,nov,79,3,-1,0,unknown
1507,40,management,married,tertiary,no,-7,no,yes,telephone,25,jul,697,1,-1,0,unknown
1713,56,blue-collar,married,secondary,no,2190,no,yes,cellular,30,jan,90,2,232,1,failure
1255,33,technician,married,secondary,no,0,yes,yes,cellular,19,nov,163,2,-1,0,unknown
777,30,technician,single,secondary,no,102,yes,no,unknown,7,may,614,2,-1,0,unknown
1735,35,blue-collar,married,secondary,no,407,yes,no,cellular,20,apr,12,6,-1,0,unknown
1184,37,technician,married,secondary,no,430,no,no,cellular,27,aug,154,4,-1,0,unknown
2977,38,entrepreneur,married,tertiary,no,1514,no,yes,cellular,21,nov,160,3,120,3,failure
3382,37,blue-collar,married,unknown,no,897,yes,no,cellular,13,apr,119,2,280,2,failure
3388,49,services,married,secondary,no,66,yes,yes,cellular,21,nov,59,4,-1,0,unknown
2488,35,technician,married,secondary,no,700,yes,no,unknown,23,may,240,2,-1,0,unknown
1426,38,entrepreneur,married,secondary,no,157,no,yes,cellular,15,may,57,11,366,1,other
162,41,admin.,single,secondary,no,-256,no,yes,unknown,9,may,35,3,-1,0,unknown
972,25,services,single,secondary,no,3217,yes,no,unknown,28,may,24,1,-1,0,unknown
170,42,technician,married,secondary,no,2980,no,no,unknown,20,jun,101,3,-1,0,unknown
3810,40,blue-collar,married,primary,no,3658,yes,no,unknown,14,may,977,1,-1,0,unknown
179,37,admin.,married,tertiary,no,0,yes,no,cellular,17,nov,65,2,119,1,failure
4440,45,blue-collar,married,primary,no,13117,no,no,unknown,11,jun,42,2,-1,0,unknown
1497,55,retired,married,tertiary,no,197,no,yes,cellular,8,jul,256,1,-1,0,unknown
2894,49,management,married,tertiary,no,7007,no,no,cellular,17,nov,325,2,-1,0,unknown
3760,46,management,married,tertiary,no,0,no,no,unknown,7,may,70,2,-1,0,unknown
1099,58,housemaid,married,primary,no,5278,yes,no,unknown,4,jun,763,4,-1,0,unknown
1452,55,technician,married,secondary,no,955,yes,no,cellular,29,jan,104,1,-1,0,unknown
4262,59,technician,married,secondary,no,2308,no,no,cellular,30,apr,815,1,87,1,other
3532,42,services,married,secondary,no,3620,yes,no,unknown,27,may,22,16,-1,0,unknown
1702,51,retired,divorced,secondary,no,343,yes,no,unknown,30,may,78,2,-1,0,unknown
289,34,admin.,married,tertiary,no,69,no,yes,cellular,4,aug,120,3,1,6,success
3795,39,services,married,secondary,no,5731,yes,no,unknown,20,may,175,2,-1,0,unknown
4486,37,blue-collar,married,primary,no,378,yes,no,unknown,9,may,514,1,-1,0,unknown
4031,36,services,single,secondary,no,174,yes,no,unknown,7,may,223,2,-1,0,unknown
487,52,blue-collar,married,primary,no,779,yes,no,unknown,16,may,30,3,-1,0,unknown
535,52,blue-collar,married,primary,no,1054,no,no,cellular,4,aug,273,1,-1,0,unknown
2169,29,entrepreneur,single,secondary,no,404,no,no,cellular,30,jan,413,3,-1,0,unknown
3298,27,technician,single,tertiary,no,808,yes,no,cellular,15,may,578,1,364,1,other
3276,35,entrepreneur,married,tertiary,no,2723,yes,yes,cellular,8,aug,275,4,-1,0,unknown
2099,52,management,married,tertiary,no,6922,no,no,cellular,20,nov,371,1,-1,0,unknown
3821,31,blue-collar,married,secondary,no,191,yes,no,unknown,2,jun,40,1,-1,0,unknown
1053,47,blue-collar,divorced,secondary,yes,-535,yes,no,cellular,30,jul,71,2,-1,0,unknown
3012,36,services,married,secondary,no,-11,yes,no,cellular,30,jul,172,28,-1,0,unknown
106,37,blue-collar,married,secondary,no,427,yes,yes,unknown,9,jun,371,3,-1,0,unknown
3898,59,blue-collar,married,primary,no,748,no,no,unknown,29,may,184,1,-1,0,unknown
1934,27,technician,single,secondary,no,489,yes,no,cellular,30,jul,356,4,-1,0,unknown
1855,41,technician,single,secondary,no,618,no,no,cellular,5,feb,1056,1,-1,0,unknown
3176,28,admin.,single,secondary,no,4745,no,no,telephone,12,may,360,1,181,5,success
1887,33,management,married,unknown,no,18347,yes,no,unknown,23,may,415,1,-1,0,unknown
3297,28,self-employed,single,tertiary,no,442,no,no,cellular,19,jun,474,3,95,3,other
2610,31,entrepreneur,married,tertiary,no,5191,no,no,cellular,20,nov,187,2,-1,0,unknown
2199,35,admin.,divorced,secondary,no,148,no,yes,cellular,8,jul,199,1,-1,0,unknown
89,34,blue-collar,married,secondary,no,1831,yes,no,unknown,20,may,203,2,-1,0,unknown
3584,46,blue-collar,married,secondary,no,-1400,yes,no,telephone,6,may,309,3,355,4,failure
1287,31,management,married,tertiary,no,2603,yes,no,cellular,11,feb,280,4,-1,0,unknown
4048,33,admin.,divorced,secondary,no,818,yes,yes,cellular,16,apr,301,3,-1,0,unknown
3943,45,services,single,secondary,no,1757,yes,no,cellular,20,apr,1010,3,326,1,other
1706,32,blue-collar,single,secondary,no,118,yes,no,cellular,17,jul,1275,1,-1,0,unknown
2781,59,blue-collar,married,secondary,no,5314,yes,no,cellular,5,may,200,3,-1,0,unknown
3300,53,technician,married,tertiary,no,431,yes,no,unknown,11,jun,74,1,-1,0,unknown
4424,34,management,married,tertiary,no,1557,yes,yes,unknown,13,may,213,1,-1,0,unknown
2283,45,entrepreneur,married,tertiary,no,0,yes,no,cellular,29,jul,100,3,-1,0,unknown
33,32,management,single,tertiary,no,2536,yes,no,cellular,26,aug,958,6,-1,0,unknown
1642,33,admin.,married,secondary,no,353,yes,no,cellular,19,nov,107,2,-1,0,unknown
3408,38,management,single,tertiary,no,8669,yes,no,telephone,20,apr,5,3,150,6,failure
3650,30,self-employed,single,secondary,no,192,no,no,cellular,22,jul,423,1,-1,0,unknown
3107,37,services,married,secondary,no,658,yes,no,telephone,23,jul,175,1,-1,0,unknown
380,39,blue-collar,married,secondary,no,0,yes,no,cellular,30,apr,53,1,325,1,failure
23,44,entrepreneur,married,secondary,no,93,no,no,cellular,7,jul,125,2,-1,0,unknown
3203,32,blue-collar,married,secondary,no,3514,yes,no,unknown,20,may,226,2,-1,0,unknown
815,32,blue-collar,married,secondary,no,456,no,no,cellular,12,may,121,1,-1,0,unknown
3793,49,housemaid,married,primary,no,249,yes,no,cellular,21,nov,450,1,-1,0,unknown
3712,49,blue-collar,married,primary,no,1032,yes,no,unknown,2,jun,41,5,-1,0,unknown
695,51,retired,married,secondary,no,35,no,yes,cellular,8,jul,123,4,-1,0,unknown
840,28,technician,single,secondary,yes,-298,yes,no,unknown,3,jun,559,7,-1,0,unknown
1336,26,blue-collar,single,secondary,no,856,yes,yes,cellular,30,jul,95,5,-1,0,unknown
1732,48,management,married,primary,no,1910,yes,no,unknown,29,may,413,2,-1,0,unknown
1319,49,management,married,secondary,no,1623,yes,no,cellular,19,nov,1081,2,-1,0,unknown
997,34,management,single,tertiary,no,673,yes,yes,cellular,20,nov,271,1,184,1,failure
2661,57,retired,married,primary,no,1238,yes,no,cellular,15,jul,274,1,-1,0,unknown
2570,57,technician,married,secondary,no,0,no,no,unknown,13,may,44,1,-1,0,unknown
438,36,management,married,secondary,no,644,yes,no,cellular,18,nov,54,2,-1,0,unknown
2361,37,services,divorced,secondary,no,532,yes,no,unknown,11,jun,199,1,-1,0,unknown
1518,32,technician,married,secondary,no,286,no,no,cellular,20,apr,60,1,343,4,failure
3526,45,technician,married,secondary,no,-149,yes,no,cellular,14,jul,287,2,-1,0,unknown
3509,34,technician,divorced,secondary,no,0,yes,yes,cellular,18,aug,374,16,-1,0,unknown
387,48,technician,married,secondary,no,302,yes,no,unknown,26,may,208,3,-1,0,unknown
1177,28,self-employed,single,tertiary,no,4579,no,no,cellular,12,jan,409,2,-1,0,unknown
3866,28,blue-collar,single,secondary,no,0,yes,no,unknown,28,may,386,1,-1,0,unknown
922,67,blue-collar,married,secondary,no,16353,no,no,cellular,27,oct,223,2,-1,0,unknown
2850,43,entrepreneur,married,tertiary,no,1574,yes,no,cellular,19,nov,167,3,-1,0,unknown
2834,59,housemaid,married,primary,no,235,no,no,cellular,13,aug,119,2,-1,0,unknown
1649,37,services,single,secondary,no,608,no,no,cellular,14,may,380,3,-1,0,unknown
2274,35,admin.,single,secondary,no,0,yes,no,cellular,13,may,1073,1,-1,0,unknown
3744,26,admin.,single,secondary,no,321,yes,no,cellular,22,jul,242,7,-1,0,unknown
2206,32,management,married,tertiary,no,138,no,no,cellular,20,aug,94,4,-1,0,unknown
1469,59,technician,married,secondary,no,259,no,no,cellular,15,jun,415,1,89,1,success
3102,61,retired,married,secondary,no,313,no,yes,unknown,3,jul,42,1,-1,0,unknown
3687,29,blue-collar,single,secondary,no,770,yes,no,cellular,17,apr,341,1,-1,0,unknown
4236,31,blue-collar,married,secondary,no,92,yes,no,unknown,16,may,688,1,-1,0,unknown
264,58,technician,married,tertiary,no,883,no,no,cellular,18,aug,543,1,78,2,failure
3453,30,technician,single,secondary,no,3107,yes,no,unknown,3,jun,1516,2,-1,0,unknown
1995,38,admin.,single,secondary,no,-23,no,no,cellular,20,nov,48,2,-1,0,unknown
2074,53,technician,married,secondary,no,230,no,yes,cellular,13,aug,112,2,-1,0,unknown
1994,44,management,married,primary,no,4758,yes,no,cellular,22,jul,712,6,-1,0,unknown
2701,45,technician,divorced,secondary,no,809,yes,no,cellular,13,may,155,2,363,4,failure
3906,51,blue-collar,married,primary,no,844,yes,no,unknown,29,may,184,3,-1,0,unknown
943,40,technician,married,secondary,no,109,no,no,unknown,20,jun,402,22,-1,0,unknown
688,80,management,married,primary,no,6483,no,no,telephone,19,oct,123,1,-1,0,unknown
2294,48,technician,married,secondary,no,197,no,yes,cellular,3,feb,47,2,222,3,other
4153,42,technician,married,secondary,no,440,yes,no,cellular,3,feb,13,5,-1,0,unknown
1808,57,admin.,married,secondary,no,808,no,no,cellular,14,jul,417,3,-1,0,unknown
2541,47,self-employed,married,unknown,no,14,yes,no,cellular,15,may,142,1,-1,0,unknown
1516,29,self-employed,married,tertiary,no,242,yes,no,cellular,18,jul,73,4,-1,0,unknown
1831,32,admin.,single,tertiary,no,-59,no,yes,unknown,4,jul,192,1,-1,0,unknown
3168,59,admin.,married,secondary,no,2381,no,no,cellular,30,apr,173,2,-1,0,unknown
3719,49,management,single,tertiary,no,588,no,no,cellular,28,aug,70,9,-1,0,unknown
2943,36,blue-collar,married,secondary,no,688,yes,no,unknown,6,may,174,2,-1,0,unknown
937,33,blue-collar,married,secondary,no,86,yes,no,unknown,19,may,364,1,-1,0,unknown
2957,50,housemaid,married,primary,no,0,no,no,unknown,20,jun,179,2,-1,0,unknown
3755,33,blue-collar,single,secondary,no,3975,yes,yes,cellular,17,apr,515,1,150,1,other
4225,65,unknown,married,unknown,no,4717,no,no,telephone,6,aug,256,1,-1,0,unknown
2691,57,blue-collar,married,secondary,no,1521,yes,yes,cellular,18,may,102,2,178,5,failure
2812,41,admin.,single,secondary,no,748,no,no,telephone,21,nov,94,7,130,3,other
3497,42,admin.,married,secondary,no,4209,yes,no,unknown,5,jun,57,6,-1,0,unknown
1820,46,admin.,married,secondary,no,4958,yes,no,cellular,17,nov,64,3,150,5,other
3542,36,services,married,secondary,no,1746,yes,no,unknown,26,may,99,1,-1,0,unknown
3508,52,housemaid,married,secondary,no,14363,no,no,unknown,5,jun,132,1,-1,0,unknown
4516,33,services,married,secondary,no,-333,yes,no,cellular,30,jul,329,5,-1,0,unknown
2855,36,management,single,tertiary,no,0,no,no,cellular,11,aug,108,2,-1,0,unknown
1796,34,management,married,secondary,no,15,no,no,cellular,25,aug,184,7,-1,0,unknown
1156,38,blue-collar,married,secondary,no,284,yes,yes,unknown,3,jun,1030,6,-1,0,unknown
911,59,retired,married,primary,no,1427,no,no,unknown,18,jun,140,2,-1,0,unknown
3785,49,blue-collar,single,primary,no,3018,yes,no,unknown,15,may,93,1,-1,0,unknown
1135,57,retired,married,tertiary,no,0,yes,yes,unknown,28,may,648,1,-1,0,unknown
52,38,technician,single,secondary,no,50,no,no,cellular,29,aug,98,2,-1,0,unknown
3192,37,technician,married,tertiary,no,6968,no,no,cellular,1,jun,175,1,-1,0,unknown
4103,46,management,divorced,tertiary,no,25,no,no,unknown,26,may,103,2,-1,0,unknown
2225,31,self-employed,single,tertiary,no,96,no,no,cellular,5,feb,577,1,-1,0,unknown
1662,50,blue-collar,married,primary,no,1164,yes,no,unknown,8,may,166,2,-1,0,unknown
4077,31,blue-collar,divorced,secondary,no,6,yes,no,cellular,29,jan,821,1,-1,0,unknown
1197,64,management,married,tertiary,no,679,no,no,telephone,22,apr,135,3,-1,0,unknown
4455,50,blue-collar,married,secondary,no,181,yes,no,cellular,17,apr,599,2,-1,0,unknown
3311,87,retired,married,primary,no,230,no,no,cellular,30,oct,144,1,-1,0,unknown
3957,50,entrepreneur,married,tertiary,no,52,no,no,cellular,31,jul,22,8,-1,0,unknown
2422,42,blue-collar,married,primary,no,7041,yes,no,cellular,28,jul,386,4,-1,0,unknown
2128,38,blue-collar,married,primary,no,1327,yes,no,cellular,20,nov,277,1,-1,0,unknown
1034,36,admin.,married,unknown,no,2323,no,no,cellular,19,nov,111,1,-1,0,unknown
1468,38,management,married,tertiary,no,0,yes,no,cellular,13,may,537,5,303,2,failure
385,45,blue-collar,married,primary,no,61,no,no,cellular,17,apr,108,1,-1,0,unknown
2819,26,admin.,single,secondary,no,96,yes,no,cellular,13,may,612,2,348,3,other
4423,45,management,single,tertiary,no,2048,yes,no,cellular,18,oct,310,1,804,1,failure
2980,55,retired,divorced,secondary,no,1580,no,yes,unknown,19,jun,1007,1,-1,0,unknown
2193,39,admin.,single,unknown,no,0,yes,no,cellular,11,may,62,1,-1,0,unknown
622,32,blue-collar,single,secondary,no,-84,yes,no,cellular,11,may,426,1,-1,0,unknown
3931,47,admin.,married,secondary,no,3676,no,no,cellular,18,oct,567,1,95,3,success
1857,38,services,married,secondary,no,434,yes,no,unknown,20,may,411,1,-1,0,unknown
4160,57,retired,married,secondary,no,1044,no,no,telephone,11,jan,585,1,192,2,success
846,38,technician,single,secondary,no,4366,yes,no,cellular,29,jul,188,2,-1,0,unknown
3676,47,services,married,secondary,no,2322,no,no,cellular,22,aug,618,1,-1,0,unknown
2289,21,student,single,secondary,no,681,no,no,unknown,20,aug,6,1,-1,0,unknown
3825,32,technician,married,secondary,yes,4,yes,yes,cellular,25,aug,132,8,-1,0,unknown
774,24,blue-collar,single,primary,no,111,yes,yes,unknown,27,may,42,4,-1,0,unknown
3699,50,blue-collar,married,secondary,no,253,yes,yes,cellular,5,may,475,2,-1,0,unknown
3696,31,services,single,secondary,no,31,yes,yes,unknown,26,may,501,2,-1,0,unknown
2372,43,services,single,secondary,no,3403,yes,no,cellular,12,nov,707,2,97,2,success
2718,48,services,married,secondary,yes,-20,no,no,cellular,20,aug,142,2,-1,0,unknown
110,21,student,single,secondary,no,2488,no,no,cellular,30,jun,258,6,169,3,success
1703,40,unemployed,divorced,secondary,no,507,yes,no,cellular,2,feb,134,1,266,7,failure
1777,43,management,married,unknown,no,5172,yes,no,unknown,29,may,57,3,-1,0,unknown
4009,38,housemaid,divorced,secondary,no,70,no,no,cellular,27,oct,255,3,148,1,success
3722,29,self-employed,married,secondary,no,-76,yes,no,unknown,27,may,305,2,-1,0,unknown
2359,36,services,single,secondary,no,417,yes,no,cellular,6,feb,15,10,207,3,failure
4097,46,technician,married,secondary,no,410,no,yes,cellular,21,nov,162,5,-1,0,unknown
2454,36,technician,married,tertiary,no,1327,no,no,cellular,29,oct,174,2,-1,0,unknown
3946,28,admin.,married,secondary,no,934,yes,no,unknown,4,jul,53,2,-1,0,unknown
3229,41,management,married,primary,no,5310,yes,no,cellular,17,nov,984,1,-1,0,unknown
1125,38,blue-collar,divorced,secondary,no,2998,yes,no,unknown,11,jun,91,1,-1,0,unknown
716,45,blue-collar,married,secondary,no,115,no,no,cellular,11,aug,209,4,-1,0,unknown
1744,27,services,single,secondary,no,795,no,no,cellular,6,feb,101,3,-1,0,unknown
804,40,management,married,tertiary,no,-1212,yes,no,cellular,15,may,1259,2,333,18,failure
193,36,services,married,secondary,no,1981,no,no,unknown,17,jun,48,2,-1,0,unknown
2582,32,blue-collar,married,secondary,no,9,yes,no,cellular,17,apr,334,2,-1,0,unknown
4234,58,blue-collar,divorced,primary,no,8218,yes,no,cellular,31,jul,124,10,-1,0,unknown
906,31,blue-collar,married,primary,no,99,yes,no,cellular,17,apr,193,2,322,1,other
2024,42,self-employed,divorced,tertiary,no,216,yes,no,cellular,8,may,144,3,-1,0,unknown
3595,30,blue-collar,single,secondary,yes,447,no,no,unknown,14,may,103,6,-1,0,unknown
28,56,self-employed,married,secondary,no,784,no,yes,cellular,30,jul,149,2,-1,0,unknown
2119,31,unemployed,married,tertiary,no,591,no,no,cellular,21,nov,161,2,-1,0,unknown
616,28,management,single,tertiary,no,231,yes,yes,cellular,25,jul,568,2,-1,0,unknown
2114,33,management,married,tertiary,no,1412,yes,no,unknown,19,aug,480,1,-1,0,unknown
1759,26,admin.,single,tertiary,no,3672,yes,no,unknown,29,may,360,5,-1,0,unknown
2984,41,admin.,single,tertiary,no,982,no,no,cellular,23,jul,105,1,-1,0,unknown
4243,34,management,married,tertiary,no,997,yes,yes,cellular,21,nov,81,1,-1,0,unknown
1896,35,management,single,tertiary,no,0,no,no,cellular,29,aug,669,6,-1,0,unknown
1008,36,management,married,tertiary,no,605,yes,no,unknown,26,may,204,1,-1,0,unknown
4212,38,blue-collar,single,tertiary,no,14058,no,no,telephone,17,jul,293,20,-1,0,unknown
3680,43,unemployed,divorced,secondary,no,4094,yes,no,cellular,21,nov,63,1,-1,0,unknown
2816,34,technician,single,tertiary,no,586,yes,no,unknown,16,may,489,2,-1,0,unknown
2401,31,management,married,tertiary,no,1750,yes,no,telephone,14,may,90,3,-1,0,unknown
892,27,student,single,tertiary,no,5291,no,no,cellular,12,nov,192,2,92,2,failure
4492,32,technician,single,secondary,no,309,yes,yes,cellular,16,apr,346,1,234,3,failure
3348,31,blue-collar,single,secondary,no,1882,no,no,cellular,7,may,529,2,-1,0,unknown
1109,59,technician,married,secondary,no,1,no,no,cellular,15,apr,159,2,378,3,failure
3560,31,blue-collar,married,secondary,no,1545,yes,yes,cellular,13,may,207,1,-1,0,unknown
2975,48,technician,single,tertiary,no,-551,yes,no,cellular,11,may,168,2,-1,0,unknown
2187,51,blue-collar,married,primary,no,-11,no,no,telephone,16,jul,126,4,-1,0,unknown
38,33,management,married,secondary,no,3935,yes,no,cellular,6,may,765,1,342,2,failure
3611,28,technician,single,secondary,no,389,yes,no,cellular,11,may,15,7,-1,0,unknown
920,38,technician,single,tertiary,no,221,no,no,cellular,20,aug,79,3,-1,0,unknown
4205,44,services,divorced,secondary,no,0,yes,yes,unknown,13,may,97,1,-1,0,unknown
1999,36,blue-collar,married,secondary,no,-73,yes,yes,cellular,18,may,15,8,-1,0,unknown
277,38,technician,single,tertiary,no,0,no,no,cellular,28,aug,247,2,-1,0,unknown
4321,58,blue-collar,married,secondary,no,-27,no,yes,telephone,31,jul,77,13,-1,0,unknown
1169,37,admin.,married,secondary,no,1193,no,no,cellular,12,may,396,2,-1,0,unknown
3455,33,technician,divorced,secondary,yes,-305,no,yes,unknown,9,may,109,1,-1,0,unknown
3224,55,management,married,tertiary,no,-375,no,no,cellular,30,jul,814,2,-1,0,unknown
2244,58,housemaid,single,tertiary,no,145,yes,yes,cellular,16,jul,128,2,-1,0,unknown
1523,34,technician,single,secondary,no,2178,yes,no,cellular,26,may,41,1,-1,0,unknown
3740,36,blue-collar,divorced,primary,no,-308,yes,no,cellular,12,may,725,1,-1,0,unknown
3570,39,technician,married,tertiary,no,209,no,no,unknown,23,jul,36,2,-1,0,unknown
1432,35,unknown,married,primary,no,365,no,no,cellular,29,aug,41,2,-1,0,unknown
1904,28,student,single,tertiary,no,0,no,no,cellular,28,sep,294,2,105,7,other
3369,51,self-employed,divorced,secondary,no,1291,yes,no,unknown,3,jun,51,2,-1,0,unknown
2561,35,admin.,married,secondary,no,0,yes,no,cellular,20,apr,18,5,-1,0,unknown
1247,52,management,married,tertiary,no,-11,yes,no,cellular,11,may,94,4,-1,0,unknown
1817,27,blue-collar,married,secondary,no,2171,yes,no,cellular,16,apr,130,1,323,1,other
3667,30,management,single,tertiary,yes,35,no,no,cellular,30,jul,185,4,-1,0,unknown
1446,32,technician,single,tertiary,no,4665,yes,no,unknown,21,may,860,2,-1,0,unknown
2111,31,management,single,tertiary,no,0,no,no,cellular,28,aug,38,16,-1,0,unknown
3910,49,admin.,married,secondary,no,14440,yes,no,cellular,21,nov,60,1,-1,0,unknown
2998,32,management,single,tertiary,no,2343,no,no,cellular,18,jul,226,1,-1,0,unknown
2688,27,services,married,secondary,no,-1202,yes,no,unknown,4,jun,749,2,-1,0,unknown
1370,53,technician,divorced,secondary,no,751,yes,no,unknown,16,may,343,4,-1,0,unknown
2118,51,blue-collar,married,primary,no,3726,no,yes,cellular,27,aug,119,12,-1,0,unknown
696,41,self-employed,married,tertiary,no,6000,yes,no,cellular,18,nov,265,1,-1,0,unknown
4477,32,management,single,tertiary,no,577,no,no,cellular,7,aug,101,2,-1,0,unknown
1233,37,blue-collar,married,secondary,no,131,yes,no,unknown,9,may,137,2,-1,0,unknown
4126,33,services,single,secondary,no,358,yes,no,cellular,7,may,302,1,356,3,failure
70,37,management,married,tertiary,no,0,no,no,cellular,16,jul,268,2,182,3,success
1841,41,technician,single,secondary,no,1680,yes,no,unknown,2,jun,76,2,-1,0,unknown
2785,41,technician,married,secondary,no,902,no,no,unknown,16,jun,35,6,-1,0,unknown
1257,51,blue-collar,married,primary,no,5050,no,yes,unknown,16,jun,75,7,-1,0,unknown
4332,27,student,single,secondary,no,8366,no,no,cellular,7,may,458,2,349,1,other
2393,41,entrepreneur,married,secondary,no,2105,yes,no,cellular,18,nov,134,1,-1,0,unknown
2521,46,unemployed,married,secondary,no,3533,yes,no,cellular,12,aug,235,2,-1,0,unknown
3407,40,management,divorced,tertiary,no,502,yes,no,cellular,3,feb,267,4,270,3,other
2380,32,technician,single,secondary,no,6402,yes,no,cellular,6,may,158,1,167,1,success
2776,37,management,married,primary,no,22856,no,no,cellular,2,jul,154,1,388,1,failure
135,33,management,single,tertiary,no,0,no,no,cellular,28,aug,236,10,-1,0,unknown
2113,31,admin.,married,secondary,no,2304,yes,no,cellular,20,nov,257,2,-1,0,unknown
3093,53,entrepreneur,married,tertiary,no,71,no,yes,cellular,29,jan,86,1,-1,0,unknown
2883,46,self-employed,married,tertiary,no,1148,no,no,telephone,29,jul,104,2,-1,0,unknown
1694,58,unemployed,married,tertiary,no,1798,yes,no,cellular,5,feb,19,8,-1,0,unknown
677,52,blue-collar,married,secondary,no,60,no,yes,cellular,26,aug,196,2,-1,0,unknown
4285,37,admin.,married,tertiary,no,0,yes,no,cellular,21,jul,115,1,-1,0,unknown
3725,49,unemployed,married,primary,no,-384,yes,no,unknown,27,may,25,1,-1,0,unknown
2991,37,management,divorced,tertiary,no,0,yes,no,cellular,11,may,217,6,-1,0,unknown
2096,58,management,married,tertiary,no,9339,yes,no,telephone,18,nov,52,3,172,3,other
2940,61,technician,married,secondary,no,1191,no,no,cellular,21,may,214,4,-1,0,unknown
4382,30,services,divorced,secondary,no,-94,yes,no,cellular,14,jul,41,2,-1,0,unknown
1672,47,services,single,unknown,no,1784,no,no,cellular,19,oct,385,2,-1,0,unknown
371,60,retired,married,primary,no,55,no,no,cellular,4,jun,207,1,-1,0,unknown
743,55,retired,married,primary,no,3334,no,no,cellular,14,aug,632,4,-1,0,unknown
2753,34,management,married,tertiary,no,133,yes,no,unknown,8,may,65,1,-1,0,unknown
4466,61,management,married,secondary,no,967,no,no,cellular,20,aug,180,1,-1,0,unknown
2568,61,retired,married,secondary,no,2917,no,no,cellular,6,oct,215,1,-1,0,unknown
3086,32,blue-collar,married,secondary,no,736,yes,no,unknown,23,may,700,3,-1,0,unknown
1626,55,technician,married,secondary,no,0,yes,no,unknown,30,may,119,2,-1,0,unknown
810,46,blue-collar,married,secondary,no,-216,yes,no,cellular,28,jul,404,3,-1,0,unknown
3353,47,management,divorced,tertiary,no,94,yes,no,cellular,31,jul,9,19,-1,0,unknown
3523,31,technician,married,secondary,no,0,yes,yes,cellular,28,jan,71,1,223,9,other
709,42,housemaid,married,primary,no,14752,no,no,unknown,19,may,107,2,-1,0,unknown
365,23,student,single,secondary,no,780,no,no,cellular,16,sep,267,1,-1,0,unknown
414,53,blue-collar,married,secondary,no,4380,no,no,telephone,19,aug,223,7,-1,0,unknown
4270,37,management,divorced,tertiary,no,896,no,yes,cellular,14,aug,343,2,-1,0,unknown
2575,45,blue-collar,married,secondary,no,827,yes,no,unknown,15,may,319,5,-1,0,unknown
2002,32,admin.,single,tertiary,no,1583,yes,no,cellular,19,nov,100,1,182,1,failure
4286,39,admin.,married,tertiary,no,722,no,no,telephone,23,apr,141,1,-1,0,unknown
1623,47,blue-collar,married,primary,no,3451,no,yes,cellular,21,nov,125,2,-1,0,unknown
1342,27,admin.,married,secondary,no,710,yes,yes,cellular,6,may,653,1,334,2,success
3459,30,services,single,primary,no,79,yes,no,cellular,15,may,317,1,-1,0,unknown
1722,56,management,married,secondary,no,238,yes,no,cellular,19,nov,808,1,-1,0,unknown
1314,48,services,married,primary,yes,-583,yes,no,unknown,2,jun,25,7,-1,0,unknown
1502,49,admin.,married,secondary,no,635,no,no,cellular,25,aug,220,3,-1,0,unknown
1365,34,blue-collar,married,primary,no,-319,yes,yes,cellular,9,jul,134,4,-1,0,unknown
3573,43,blue-collar,divorced,primary,no,328,no,yes,cellular,8,jul,192,1,-1,0,unknown
1594,60,unemployed,divorced,secondary,no,385,yes,no,cellular,4,feb,80,1,-1,0,unknown
1545,56,admin.,married,secondary,no,0,yes,no,telephone,19,nov,154,2,-1,0,unknown
4366,59,retired,married,secondary,no,0,no,no,unknown,5,jun,812,1,-1,0,unknown
2545,43,management,single,secondary,no,-228,yes,yes,unknown,16,may,122,2,-1,0,unknown
4145,52,blue-collar,married,primary,no,1141,yes,no,cellular,12,may,22,5,-1,0,unknown
1014,36,admin.,married,secondary,no,470,yes,no,cellular,31,jul,101,4,-1,0,unknown
2075,69,retired,married,tertiary,no,473,no,no,cellular,7,jul,112,1,78,1,failure
946,52,management,married,tertiary,no,3163,no,no,cellular,25,aug,56,6,-1,0,unknown
1912,54,blue-collar,married,secondary,no,0,no,no,telephone,16,apr,1366,1,150,1,failure
805,41,technician,married,secondary,no,2125,yes,yes,cellular,21,nov,285,3,116,4,failure
201,48,technician,married,secondary,no,1526,no,no,cellular,6,aug,273,2,-1,0,unknown
4272,50,technician,married,tertiary,no,199,yes,yes,cellular,3,feb,116,2,253,1,failure
664,46,blue-collar,single,secondary,no,324,yes,no,unknown,30,may,293,6,-1,0,unknown
2548,34,blue-collar,married,unknown,no,41,yes,no,cellular,6,may,34,9,-1,0,unknown
2236,32,admin.,divorced,secondary,yes,-18,yes,no,unknown,12,may,155,3,-1,0,unknown
183,40,admin.,divorced,secondary,no,6,no,no,unknown,11,jun,140,1,-1,0,unknown
2190,36,technician,married,tertiary,no,837,no,no,cellular,28,aug,68,6,-1,0,unknown
4229,62,self-employed,divorced,tertiary,no,6,yes,no,cellular,13,oct,216,1,183,4,success
432,34,technician,single,tertiary,no,228,yes,no,cellular,22,jul,387,4,-1,0,unknown
3377,45,admin.,married,unknown,no,2033,no,no,cellular,30,nov,123,1,186,4,failure
1762,35,self-employed,single,tertiary,no,44,no,no,cellular,7,sep,310,2,96,2,other
4498,31,management,married,tertiary,no,1183,yes,no,unknown,27,may,676,6,-1,0,unknown
1245,45,admin.,single,secondary,no,0,yes,no,cellular,8,may,38,1,-1,0,unknown
1648,58,unemployed,married,tertiary,no,744,no,no,telephone,28,jan,38,1,-1,0,unknown
3789,47,management,married,tertiary,no,0,no,no,cellular,27,oct,508,1,-1,0,unknown
2611,33,blue-collar,single,secondary,no,-320,no,no,cellular,18,may,268,2,-1,0,unknown
4348,60,retired,married,tertiary,no,225,no,no,cellular,19,aug,54,2,-1,0,unknown
3893,40,blue-collar,married,secondary,no,61,yes,no,unknown,7,may,112,3,-1,0,unknown
2527,36,services,single,secondary,no,398,yes,yes,unknown,17,jun,77,2,-1,0,unknown
2919,44,management,married,tertiary,no,7635,no,no,cellular,21,aug,719,5,-1,0,unknown
3375,50,blue-collar,married,unknown,no,452,no,no,cellular,20,aug,181,2,-1,0,unknown
171,37,management,single,tertiary,no,37,no,no,cellular,28,jan,253,2,-1,0,unknown
2445,35,housemaid,married,tertiary,no,20,yes,yes,cellular,17,jul,505,3,-1,0,unknown
519,61,retired,married,secondary,no,5207,no,no,cellular,11,sep,336,1,81,2,other
1885,36,technician,married,tertiary,no,60,no,no,cellular,19,aug,209,2,-1,0,unknown
3141,32,admin.,single,secondary,no,678,yes,no,cellular,4,feb,1579,1,246,4,failure
3609,55,management,married,tertiary,no,0,yes,no,unknown,14,may,159,2,-1,0,unknown
3163,31,technician,single,secondary,no,373,no,no,cellular,22,aug,346,5,-1,0,unknown
3991,31,admin.,single,secondary,no,5527,yes,no,unknown,21,may,132,1,-1,0,unknown
3593,42,blue-collar,single,primary,no,1628,yes,no,cellular,5,feb,119,1,195,8,success
3912,36,management,married,secondary,no,80,yes,no,unknown,30,may,251,3,-1,0,unknown
1521,38,blue-collar,married,secondary,no,1663,yes,no,cellular,13,apr,217,3,327,1,failure
1136,36,services,single,secondary,no,1482,yes,no,cellular,18,nov,177,2,174,1,other
4357,38,blue-collar,married,secondary,no,213,yes,no,unknown,16,jun,270,15,-1,0,unknown
1493,39,technician,single,tertiary,no,-41,no,yes,cellular,25,aug,40,15,-1,0,unknown
2260,47,services,divorced,secondary,no,691,no,no,cellular,6,feb,285,6,-1,0,unknown
4017,59,self-employed,married,tertiary,no,3800,no,yes,cellular,9,jul,70,1,-1,0,unknown
2316,43,entrepreneur,married,tertiary,no,13342,yes,no,cellular,18,nov,465,1,-1,0,unknown
3839,51,technician,divorced,secondary,no,2323,yes,yes,cellular,18,aug,151,10,-1,0,unknown
3386,32,blue-collar,married,secondary,no,517,yes,no,unknown,5,may,528,1,-1,0,unknown
875,37,admin.,married,secondary,no,11303,no,no,cellular,26,may,500,2,-1,0,unknown
3685,33,management,single,tertiary,no,-67,yes,no,unknown,5,may,364,1,-1,0,unknown
644,32,entrepreneur,single,tertiary,no,890,yes,yes,cellular,28,aug,27,10,-1,0,unknown
3746,50,management,married,tertiary,no,-470,yes,no,cellular,19,nov,130,2,160,1,failure
2646,40,management,married,tertiary,no,1734,yes,no,unknown,2,jun,169,1,-1,0,unknown
1587,31,admin.,single,secondary,no,1306,yes,no,unknown,28,may,217,5,-1,0,unknown
16,56,technician,married,secondary,no,4073,no,no,cellular,27,aug,239,5,-1,0,unknown
3738,35,blue-collar,married,primary,no,422,yes,no,cellular,14,may,73,1,-1,0,unknown
1685,31,services,married,secondary,no,1062,yes,yes,cellular,6,apr,230,1,-1,0,unknown
1615,34,management,married,tertiary,no,417,yes,no,cellular,18,nov,138,1,-1,0,unknown
60,41,blue-collar,married,primary,no,-516,no,yes,telephone,8,jul,554,3,-1,0,unknown
2097,52,management,divorced,tertiary,no,50,yes,no,unknown,12,jun,84,3,-1,0,unknown
3966,41,technician,divorced,secondary,no,52,no,no,cellular,20,aug,261,2,-1,0,unknown
3601,39,blue-collar,married,secondary,no,293,yes,no,unknown,23,may,160,3,-1,0,unknown
3282,45,admin.,married,secondary,no,295,yes,no,cellular,23,jul,92,1,-1,0,unknown
2428,28,services,single,secondary,no,229,yes,no,unknown,9,may,322,1,-1,0,unknown
3963,60,unknown,married,unknown,no,7337,no,no,cellular,4,aug,122,1,-1,0,unknown
3069,39,blue-collar,married,primary,no,800,yes,no,cellular,19,nov,76,6,-1,0,unknown
2685,45,admin.,divorced,secondary,no,0,no,no,cellular,29,oct,264,1,-1,0,unknown
3031,44,management,married,tertiary,no,332,yes,no,cellular,23,jul,497,5,-1,0,unknown
2305,34,services,divorced,secondary,no,202,yes,no,unknown,15,may,318,1,-1,0,unknown
553,42,self-employed,married,tertiary,no,1932,yes,no,unknown,16,may,192,32,-1,0,unknown
2166,47,technician,married,secondary,no,826,yes,no,telephone,18,nov,195,3,112,8,other
515,45,unemployed,divorced,primary,no,757,no,no,cellular,20,apr,103,1,325,4,failure
2597,35,blue-collar,divorced,primary,no,-587,yes,no,unknown,26,may,111,1,-1,0,unknown
4059,42,technician,divorced,secondary,no,1533,no,yes,cellular,5,aug,86,1,-1,0,unknown
2594,48,admin.,married,secondary,no,292,yes,yes,cellular,29,jul,164,6,-1,0,unknown
1151,44,admin.,married,secondary,no,205,no,no,cellular,3,nov,289,1,-1,0,unknown
348,44,admin.,married,secondary,no,0,yes,yes,unknown,16,may,159,1,-1,0,unknown
165,31,admin.,single,secondary,no,2104,yes,no,unknown,3,jun,455,1,-1,0,unknown
386,48,management,married,tertiary,no,6613,no,no,unknown,17,jun,159,3,-1,0,unknown
2830,30,admin.,married,secondary,no,2678,yes,no,cellular,18,may,23,5,-1,0,unknown
4214,36,student,single,unknown,no,386,no,no,unknown,18,jun,359,2,-1,0,unknown
3313,36,services,married,primary,no,179,no,no,unknown,9,jun,411,1,-1,0,unknown
729,47,management,single,tertiary,no,153,yes,no,cellular,18,nov,192,2,-1,0,unknown
3640,34,blue-collar,married,primary,no,428,yes,no,cellular,18,may,59,2,-1,0,unknown
1116,28,management,married,tertiary,no,318,yes,no,unknown,27,may,4,4,-1,0,unknown
2786,28,blue-collar,single,secondary,no,6307,yes,no,unknown,28,may,615,1,-1,0,unknown
1926,31,technician,single,secondary,no,391,no,no,cellular,13,aug,336,2,-1,0,unknown
503,19,student,single,primary,no,103,no,no,cellular,10,jul,104,2,-1,0,unknown
430,53,management,married,primary,no,995,no,no,cellular,4,feb,200,3,-1,0,unknown
1479,31,blue-collar,married,primary,no,620,no,no,cellular,30,mar,95,1,-1,0,unknown
3376,42,blue-collar,single,secondary,no,382,yes,no,cellular,13,may,294,1,-1,0,unknown
4083,51,management,married,tertiary,no,1612,no,no,cellular,16,mar,384,1,182,5,failure
124,51,management,single,tertiary,yes,-55,yes,no,cellular,11,may,281,2,266,6,failure
2129,41,admin.,married,primary,no,-306,yes,no,unknown,15,may,500,1,-1,0,unknown
3152,47,housemaid,married,primary,no,0,no,no,cellular,10,aug,1225,2,-1,0,unknown
1927,71,retired,married,primary,no,4657,no,no,cellular,16,feb,93,5,-1,0,unknown
2629,56,unemployed,divorced,primary,no,1770,no,no,cellular,5,feb,916,3,-1,0,unknown
3262,58,blue-collar,divorced,secondary,no,314,no,no,unknown,25,jun,67,2,-1,0,unknown
962,52,admin.,married,secondary,no,2347,no,yes,cellular,12,aug,603,3,-1,0,unknown
3131,51,housemaid,married,secondary,no,260,no,no,cellular,27,aug,316,5,-1,0,unknown
2107,35,management,divorced,tertiary,no,649,no,no,cellular,16,apr,177,1,-1,0,unknown
1036,53,technician,married,secondary,no,2647,yes,no,unknown,30,may,121,1,-1,0,unknown
767,42,admin.,single,secondary,no,1022,yes,no,unknown,5,may,146,2,-1,0,unknown
2711,47,unknown,married,unknown,no,677,no,no,cellular,7,aug,384,1,99,4,success
1422,79,retired,married,secondary,no,4738,no,no,telephone,9,jul,151,5,-1,0,unknown
1400,35,technician,married,secondary,no,2,no,no,telephone,28,jan,653,3,-1,0,unknown
324,47,blue-collar,married,primary,no,214,yes,yes,unknown,9,jun,168,1,-1,0,unknown
2052,53,admin.,married,secondary,no,263,no,yes,cellular,18,jul,143,7,-1,0,unknown
2900,32,management,single,tertiary,no,697,no,no,cellular,7,aug,119,1,99,3,failure
775,37,management,divorced,tertiary,no,168,yes,no,unknown,5,jun,227,1,-1,0,unknown
3401,32,unemployed,single,tertiary,no,336,yes,no,unknown,8,may,139,1,-1,0,unknown
2502,32,admin.,married,secondary,no,0,no,no,cellular,30,jan,119,3,-1,0,unknown
2246,28,admin.,single,secondary,no,89,yes,yes,cellular,6,feb,172,2,-1,0,unknown
3925,48,technician,married,secondary,no,17,yes,yes,cellular,17,nov,81,1,-1,0,unknown
820,50,management,married,secondary,yes,421,no,no,cellular,20,nov,22,5,-1,0,unknown
418,39,self-employed,married,secondary,no,167,yes,yes,cellular,17,jul,330,1,-1,0,unknown
2041,73,retired,married,primary,no,154,no,no,cellular,15,oct,103,1,-1,0,unknown
543,48,blue-collar,married,secondary,no,157,yes,no,unknown,6,may,73,1,-1,0,unknown
1630,32,management,divorced,tertiary,no,1,yes,no,unknown,8,may,399,4,-1,0,unknown
452,27,technician,married,secondary,no,1577,yes,yes,unknown,28,may,266,2,-1,0,unknown
1198,53,technician,divorced,secondary,no,320,no,no,cellular,9,jul,175,1,-1,0,unknown
3964,39,management,single,secondary,no,835,yes,no,unknown,29,may,587,4,-1,0,unknown
4434,35,technician,single,secondary,no,175,yes,no,cellular,29,jan,219,1,246,1,failure
712,28,technician,single,tertiary,no,102,no,no,cellular,28,jan,321,2,-1,0,unknown
459,43,management,divorced,tertiary,no,36,no,no,cellular,26,may,118,1,102,2,failure
2554,36,blue-collar,married,secondary,no,777,yes,no,cellular,6,may,185,3,-1,0,unknown
2970,35,management,single,tertiary,no,252,yes,no,cellular,8,aug,89,2,-1,0,unknown
1829,32,technician,married,secondary,no,253,yes,no,unknown,4,jun,257,3,-1,0,unknown
2619,49,services,married,secondary,no,823,no,no,cellular,8,aug,780,4,-1,0,unknown
662,38,technician,single,tertiary,no,25,yes,no,cellular,1,jun,232,2,-1,0,unknown
3301,60,services,married,tertiary,no,4256,yes,no,cellular,16,aug,239,3,761,1,other
4149,49,management,married,tertiary,no,92,yes,no,unknown,6,may,221,2,-1,0,unknown
4247,32,management,single,tertiary,no,0,no,no,cellular,21,nov,9,6,-1,0,unknown
